cloud,instance_name,vcpu,mem,ssd_tb,jobs_dbu,jobs_photon_dbu,all_purp_photon_dbu,vm_per_hr
gcp,n1-standard-4,4,15,0.8,0.71,1.775,1.42,0.19
gcp,n1-standard-8,8,30,0.8,1.41,3.525,2.82,0.38
gcp,n1-standard-16,16,60,1.1,2.82,7.05,5.64,0.76
gcp,n1-standard-32,32,120,2.3,5.64,14.1,11.28,1.52
gcp,n1-standard-64,64,240,6,11.28,28.2,22.56,3.04
gcp,n1-standard-96,96,360,6,16.92,42.3,33.84,
gcp,n1-highmem-4,4,26,0.8,0.87,2.175,1.74,0.24
gcp,n1-highmem-8,8,52,0.8,1.74,4.35,3.48,0.47
gcp,n1-highmem-16,16,104,1.1,3.48,8.7,6.96,0.95
gcp,n1-highmem-32,32,208,3,6.96,17.4,13.92,1.89
gcp,n1-highmem-64,64,416,6,13.92,34.8,27.84,3.79
gcp,n1-highmem-96,96,624,6,20.88,52.2,41.76,5.68
gcp,n1-highcpu-16,16,14.4,,2.14,5.34,4.272,0.57
gcp,n1-highcpu-32,32,28.8,,4.27,10.68,8.544,1.13
gcp,n1-highcpu-64,64,57.6,,8.54,21.36,17.088,2.27
gcp,n1-highcpu-96,96,86.4,,12.82,32.04,25.632,3.4
gcp,n2-standard-4,4,16,0.8,0.72,1.8,1.44,0.19
gcp,n2-standard-8,8,32,0.8,1.44,3.6,2.88,0.39
gcp,n2-standard-16,16,64,1.5,2.88,7.2,5.76,0.78
gcp,n2-standard-32,32,128,3,5.76,14.4,11.52,1.55
gcp,n2-standard-48,48,192,3,8.64,21.6,17.28,2.33
gcp,n2-standard-64,64,256,6,11.52,28.8,23.04,3.11
gcp,n2-standard-80,80,320,6,14.4,36,28.8,3.88
gcp,n2-highmem-2,2,16,0.8,0.48,1.2,0.96,0.13
gcp,n2-highmem-4,4,32,0.8,0.96,2.4,1.92,0.26
gcp,n2-highmem-8,8,64,1.5,1.92,4.8,3.84,0.52
gcp,n2-highmem-16,16,128,1.5,3.84,9.6,7.68,1.05
gcp,n2-highmem-32,32,256,3,7.68,19.2,15.36,2.1
gcp,n2-highmem-48,48,384,6,11.52,28.8,23.04,3.14
gcp,n2-highmem-64,64,512,6,15.36,38.4,30.72,4.19
gcp,n2-highmem-80,80,640,6,19.2,48,38.4,5.24
gcp,n2-highcpu-16,16,16,,2.16,5.4,4.32,0.57
gcp,n2-highcpu-32,32,32,,4.32,10.8,8.64,1.15
gcp,n2-highcpu-48,48,48,,6.48,16.2,12.96,1.72
gcp,n2-highcpu-64,64,64,,8.64,21.6,17.28,2.29
gcp,n2-highcpu-80,80,80,,10.8,27,21.6,2.87
gcp,c2-standard-4,4,16,0.8,0.72,1.8,1.44,0.21
gcp,c2-standard-8,8,32,0.8,1.44,3.6,2.88,0.42
gcp,c2-standard-16,16,64,1.5,2.88,7.2,5.76,0.84
gcp,c2-standard-30,30,120,3,5.4,13.5,10.8,1.57
gcp,c2-standard-60,60,240,6,10.8,27,21.6,3.13
gcp,n2d-standard-4,4,16,0.8,0.72,1.8,1.44,0.17
gcp,n2d-standard-8,8,32,0.8,1.44,3.6,2.88,0.34
gcp,n2d-standard-16,16,64,1.5,2.88,7.2,5.76,0.68
gcp,n2d-standard-32,32,128,3,5.76,14.4,11.52,1.35
gcp,n2d-standard-48,48,192,3,8.64,21.6,17.28,2.03
gcp,n2d-standard-64,64,256,6,11.52,28.8,23.04,2.7
gcp,n2d-standard-80,80,320,6,14.4,36,28.8,3.38
gcp,n2d-standard-96,96,384,6,17.28,43.2,34.56,4.06
gcp,n2d-standard-128,128,512,6,23.04,57.6,46.08,5.41
gcp,n2d-standard-224,224,896,6,40.32,100.8,80.64,9.46
gcp,n2d-highmem-2,2,16,0.8,0.48,1.2,0.96,0.11
gcp,n2d-highmem-4,4,32,0.8,0.96,2.4,1.92,0.23
gcp,n2d-highmem-8,8,64,0.8,1.92,4.8,3.84,0.46
gcp,n2d-highmem-16,16,128,1.5,3.84,9.6,7.68,0.91
gcp,n2d-highmem-32,32,256,3,7.68,19.2,15.36,1.82
gcp,n2d-highmem-48,48,384,3,11.52,28.8,23.04,2.74
gcp,n2d-highmem-64,64,512,6,15.36,38.4,30.72,3.65
gcp,n2d-highmem-80,80,640,6,19.2,48,38.4,4.56
gcp,n2d-highmem-96,96,768,6,23.04,57.6,46.08,5.47
gcp,n2d-highcpu-16,16,16,,2.16,5.4,4.32,0.5
gcp,n2d-highcpu-32,32,32,,4.32,10.8,8.64,1
gcp,n2d-highcpu-48,48,48,,6.48,16.2,12.96,1.5
gcp,n2d-highcpu-64,64,64,,8.64,21.6,17.28,2
gcp,n2d-highcpu-80,80,80,,10.8,27,21.6,2.5
gcp,n2d-highcpu-96,96,96,,12.96,32.4,25.92,2.99
gcp,n2d-highcpu-128,128,128,,17.28,43.2,34.56,3.99
gcp,n2d-highcpu-224,224,224,,30.24,75.6,60.48,6.99
gcp,e2_highmem_2,2,16,,0.48,1.2,0.96,
gcp,e2_highmem_4,4,32,,0.96,2.4,1.92,
gcp,e2_highmem_8,8,64,,1.92,4.8,3.84,
gcp,e2_highmem_16,16,128,,3.84,9.6,7.68,
gcp,e2_highcpu_16,16,16,,2.16,5.4,4.32,
gcp,e2_highcpu_32,32,32,,4.32,10.8,8.64,
gcp,e2_standard_4,4,16,,0.72,1.8,1.44,
gcp,e2_standard_8,8,32,,1.44,3.6,2.88,
gcp,e2_standard_16,16,64,,2.88,7.2,5.76,
gcp,e2_standard_32,32,128,,5.76,14.4,11.52,
gcp,a2-highgpu-1g,12,85,0.8,5.43,13.575,10.86,3.67
gcp,a2-highgpu-2g,24,170,1.5,10.86,27.15,21.72,7.35
gcp,a2-highgpu-4g,48,340,3,21.72,54.3,43.44,14.69
gcp,a2-highgpu-8g,96,680,3,43.44,108.6,86.88,29.39
gcp,a2-highgpu-16g,96,1360,3,63.84,159.6,127.68,
aws,m4.large,2,8,,0.4,1.16,0.8,0.1
aws,m4.xlarge,4,16,,0.75,2.175,1.5,0.2
aws,m4.2xlarge,8,32,,1.5,4.35,3,0.4
aws,m4.4xlarge,16,64,,3,8.7,6,0.8
aws,m4.10xlarge,40,160,,8,23.2,16,2
aws,m4.16xlarge,64,256,,12,34.8,24,3.2
aws,m5.large,2,8,,0.34,0.986,0.68,0.1
aws,m5.xlarge,4,16,,0.69,2.001,1.38,0.19
aws,m5.2xlarge,8,32,,1.37,3.973,2.74,0.38
aws,m5.4xlarge,16,64,,2.74,7.946,5.48,0.77
aws,m5.8xlarge,32,128,,5.48,15.892,10.96,1.54
aws,m5.12xlarge,48,192,,8.23,23.867,16.46,2.3
aws,m5.16xlarge,64,256,,10.96,31.784,21.92,3.07
aws,m5.24xlarge,96,384,,16.46,47.734,32.92,4.61
aws,m5d.large,2,8,,0.34,0.986,0.68,0.11
aws,m5d.xlarge,4,16,,0.69,2.001,1.38,0.23
aws,m5d.2xlarge,8,32,,1.37,3.973,2.74,0.45
aws,m5d.4xlarge,16,64,,2.74,7.946,5.48,0.9
aws,m5d.8xlarge,32,128,,5.48,15.892,10.96,1.81
aws,m5d.12xlarge,48,192,,8.23,23.867,16.46,2.71
aws,m5d.16xlarge,64,256,,10.96,31.784,21.92,3.62
aws,m5d.24xlarge,96,384,,16.46,47.734,32.92,5.42
aws,m5a.large,2,8,,0.31,0.890714286,0.614285714,0.09
aws,m5a.xlarge,4,16,,0.61,1.781428571,1.228571429,0.17
aws,m5a.2xlarge,8,32,,1.23,3.562857143,2.457142857,0.34
aws,m5a.4xlarge,16,64,,2.46,7.125714286,4.914285714,0.69
aws,m5a.8xlarge,32,128,,4.91,14.25142857,9.828571429,1.38
aws,m5a.12xlarge,48,192,,7.37,21.37714286,14.74285714,2.06
aws,m5a.16xlarge,64,256,,9.83,28.50285714,19.65714286,2.75
aws,m5a.24xlarge,96,384,,14.74,42.75428571,29.48571429,4.13
aws,m5dn.large,2,8,,0.41,1.1832,0.816,0.14
aws,m5dn.xlarge,4,16,,0.82,2.3664,1.632,0.27
aws,m5dn.2xlarge,8,32,,1.63,4.7328,3.264,0.54
aws,m5dn.4xlarge,16,64,,3.26,9.4656,6.528,1.09
aws,m5dn.8xlarge,32,128,,6.53,18.9312,13.056,2.18
aws,m5dn.12xlarge,48,192,,9.79,28.3968,19.584,3.26
aws,m5dn.16xlarge,64,256,,13.06,37.8624,26.112,4.35
aws,m5dn.24xlarge,96,384,,19.58,56.7936,39.168,6.53
aws,m5dn.metal,96,384,,19.58,56.7936,39.168,6.53
aws,m5n.large,2,8,,0.36,1.0353,0.714,0.12
aws,m5n.xlarge,4,16,,0.71,2.0706,1.428,0.24
aws,m5n.2xlarge,8,32,,1.43,4.1412,2.856,0.48
aws,m5n.4xlarge,16,64,,2.86,8.2824,5.712,0.95
aws,m5n.8xlarge,32,128,,5.71,16.5648,11.424,1.9
aws,m5n.12xlarge,48,192,,8.57,24.8472,17.136,2.86
aws,m5n.16xlarge,64,256,,11.42,33.1296,22.848,3.81
aws,m5n.24xlarge,96,384,,17.14,49.6944,34.272,5.71
aws,m5n.metal,96,384,,17.14,49.6944,34.272,5.71
aws,m5zn.large,2,8,,0.5,1.43956,0.9928,0.17
aws,m5zn.xlarge,4,16,,1,2.9,2,0.33
aws,m5zn.2xlarge,8,32,,2,5.8,4,0.66
aws,m5zn.3xlarge,12,48,,3,8.7,6,0.99
aws,m5zn.6xlarge,24,96,,6,17.4,12,1.98
aws,m5zn.12xlarge,48,192,,12,34.8,24,3.96
aws,m5zn.metal,48,192,,12,34.8,24,3.96
aws,m6g.large,2,8,,0.39,1.131,0.78,0.08
aws,m6g.xlarge,4,16,,0.77,2.233,1.54,0.15
aws,m6g.2xlarge,8,32,,1.54,4.466,3.08,0.31
aws,m6g.4xlarge,16,64,,3.07,8.903,6.14,0.62
aws,m6g.8xlarge,32,128,,6.13,17.777,12.26,1.23
aws,m6g.12xlarge,48,192,,9.21,26.709,18.42,1.85
aws,m6g.16xlarge,64,256,,12.28,35.612,24.56,2.46
aws,m6gd.large,2,8,,0.39,1.131,0.78,0.09
aws,m6gd.xlarge,4,16,,0.77,2.233,1.54,0.18
aws,m6gd.2xlarge,8,32,,1.54,4.466,3.08,0.36
aws,m6gd.4xlarge,16,64,,3.07,8.903,6.14,0.72
aws,m6gd.8xlarge,32,128,,6.13,17.777,12.26,1.45
aws,m6gd.12xlarge,48,192,,9.21,26.709,18.42,2.17
aws,m6gd.16xlarge,64,256,,12.28,35.612,24.56,2.89
aws,m7g.12xlarge,48,192,,11.52,33.408,23.04,1.96
aws,m7g.16xlarge,64,256,,15.36,44.544,30.72,2.61
aws,m7g.2xlarge,8,32,,1.92,5.568,3.84,0.33
aws,m7g.4xlarge,16,64,,3.84,11.136,7.68,0.65
aws,m7g.8xlarge,32,128,,7.68,22.272,15.36,1.31
aws,m7g.large,2,8,,0.48,1.392,0.96,0.08
aws,m7g.xlarge,4,16,,0.96,2.784,1.92,0.16
aws,m6i.large,2,8,,0.38,1.102,0.76,0.1
aws,m6i.xlarge,4,16,,0.76,2.204,1.52,0.19
aws,m6i.2xlarge,8,32,,1.52,4.408,3.04,0.38
aws,m6i.4xlarge,16,64,,3.04,8.816,6.08,0.77
aws,m6i.8xlarge,32,128,,6.08,17.632,12.16,1.54
aws,m6i.12xlarge,48,192,,9.12,26.448,18.24,2.3
aws,m6i.16xlarge,64,256,,12.16,35.264,24.32,3.07
aws,m6i.24xlarge,96,384,,18.24,52.896,36.48,4.61
aws,m6i.32xlarge,128,512,,24.32,70.528,48.64,6.14
aws,m6id.large,2,8,,0.38,1.102,0.76,0.12
aws,m6id.xlarge,4,16,,0.76,2.204,1.52,0.24
aws,m6id.2xlarge,8,32,,1.52,4.408,3.04,0.47
aws,m6id.4xlarge,16,64,,3.04,8.816,6.08,0.95
aws,m6id.8xlarge,32,128,,6.08,17.632,12.16,1.9
aws,m6id.12xlarge,48,192,,9.12,26.448,18.24,2.85
aws,m6id.16xlarge,64,256,,12.16,35.264,24.32,3.8
aws,m6id.24xlarge,96,384,,18.24,52.896,36.48,5.7
aws,m6id.32xlarge,128,512,,24.32,70.528,48.64,7.59
aws,m6idn.large,2,8,,0.38,1.102,0.76,0.16
aws,m6idn.xlarge,4,16,,0.76,2.204,1.52,0.32
aws,m6idn.2xlarge,8,32,,1.52,4.408,3.04,0.64
aws,m6idn.4xlarge,16,64,,3.04,8.816,6.08,1.27
aws,m6idn.8xlarge,32,128,,6.08,17.632,12.16,2.55
aws,m6idn.12xlarge,48,192,,9.12,26.448,18.24,3.82
aws,m6idn.16xlarge,64,256,,12.16,35.264,24.32,5.09
aws,m6idn.24xlarge,96,384,,18.24,52.896,36.48,7.64
aws,m6idn.32xlarge,128,512,,24.32,70.528,48.64,10.18
aws,m6in.large,2,8,,0.38,1.102,0.76,0.14
aws,m6in.xlarge,4,16,,0.76,2.204,1.52,0.28
aws,m6in.2xlarge,8,32,,1.52,4.408,3.04,0.56
aws,m6in.4xlarge,16,64,,3.04,8.816,6.08,1.11
aws,m6in.8xlarge,32,128,,6.08,17.632,12.16,2.23
aws,m6in.12xlarge,48,192,,9.12,26.448,18.24,3.34
aws,m6in.16xlarge,64,256,,12.16,35.264,24.32,4.46
aws,m6in.24xlarge,96,384,,18.24,52.896,36.48,6.68
aws,m6in.32xlarge,128,512,,24.32,70.528,48.64,8.91
aws,c3.2xlarge_(Deprecated),8,15,,1,2.9,2,1
aws,c3.4xlarge_(Deprecated),16,30,,2,5.8,4,1.93
aws,c3.8xlarge_(Deprecated),36,60,,4,11.6,8,4.68
aws,c4.2xlarge,8,15,,1,2.9,2,0.4
aws,c4.4xlarge,16,30,,2,5.8,4,0.8
aws,c4.8xlarge,36,60,,4,11.6,8,1.59
aws,c5.xlarge,4,8,,0.61,1.769,1.22,0.17
aws,c5.2xlarge,8,16,,1.21,3.509,2.42,0.34
aws,c5.4xlarge,16,32,,2.43,7.047,4.86,0.68
aws,c5.9xlarge,36,72,,5.46,15.834,10.92,1.53
aws,c5.12xlarge,48,96,,7.28,21.112,14.56,2.04
aws,c5.18xlarge,72,144,,10.92,31.668,21.84,3.06
aws,c5.24xlarge,96,192,,14.56,42.224,29.12,4.08
aws,c5d.xlarge,4,8,,0.61,1.769,1.22,0.19
aws,c5d.2xlarge,8,16,,1.21,3.509,2.42,0.38
aws,c5d.4xlarge,16,32,,2.43,7.047,4.86,0.77
aws,c5d.9xlarge,36,72,,5.46,15.834,10.92,1.73
aws,c5d.12xlarge,48,96,,7.28,21.112,14.56,2.3
aws,c5d.18xlarge,72,144,,10.92,31.668,21.84,3.46
aws,c5d.24xlarge,96,192,,14.56,42.224,29.12,4.61
aws,c5a.xlarge,4,8,,0.61,1.769,1.22,0.15
aws,c5a.2xlarge,8,16,,1.21,3.509,2.42,0.31
aws,c5a.4xlarge,16,32,,2.43,7.047,4.86,0.62
aws,c5a.8xlarge,32,64,,4.86,14.094,9.72,1.23
aws,c5a.12xlarge,48,96,,7.28,21.112,14.56,1.85
aws,c5a.16xlarge,64,128,,9.72,28.188,19.44,2.46
aws,c5a.24xlarge,96,192,,14.56,42.224,29.12,3.7
aws,c5ad.xlarge,4,8,,0.69,2.001,1.38,0.17
aws,c5ad.2xlarge,8,16,,1.37,3.973,2.74,0.34
aws,c5ad.4xlarge,16,32,,2.74,7.946,5.48,0.69
aws,c5ad.8xlarge,32,64,,5.48,15.892,10.96,1.38
aws,c5ad.12xlarge,48,96,,8.22,23.838,16.44,2.06
aws,c5ad.16xlarge,64,128,,10.96,31.784,21.92,2.75
aws,c5ad.24xlarge,96,192,,16.44,47.676,32.88,4.13
aws,c5n.xlarge,4,11,,0.78,2.262,1.56,0.22
aws,c5n.2xlarge,8,21,,1.55,4.495,3.1,0.43
aws,c5n.4xlarge,16,42,,3.11,9.019,6.22,0.86
aws,c5n.9xlarge,36,96,,6.99,20.271,13.98,1.94
aws,c5n.18xlarge,72,192,,13.97,40.513,27.94,3.89
aws,c5n.metal,72,192,,13.97,40.513,27.94,3.89
aws,c6i.xlarge,4,8,,0.7,2.03,1.4,0.17
aws,c6i.2xlarge,8,16,,1.39,4.031,2.78,0.34
aws,c6i.4xlarge,16,32,,2.78,8.062,5.56,0.68
aws,c6i.8xlarge,32,64,,5.56,16.124,11.12,1.36
aws,c6i.12xlarge,48,96,,8.34,24.186,16.68,2.04
aws,c6i.16xlarge,64,128,,11.13,32.277,22.26,2.72
aws,c6i.24xlarge,96,192,,16.69,48.401,33.38,4.08
aws,c6i.32xlarge,128,256,,22.25,64.525,44.5,5.44
aws,c6id.xlarge,4,8,,0.7,2.03,1.4,0.2
aws,c6id.2xlarge,8,16,,1.39,4.031,2.78,0.4
aws,c6id.4xlarge,16,32,,2.78,8.062,5.56,0.81
aws,c6id.8xlarge,32,64,,5.56,16.124,11.12,1.61
aws,c6id.12xlarge,48,96,,8.34,24.186,16.68,2.42
aws,c6id.16xlarge,64,128,,11.13,32.277,22.26,3.23
aws,c6id.24xlarge,96,192,,16.69,48.401,33.38,4.84
aws,c6id.32xlarge,128,256,,22.25,64.525,44.5,6.45
aws,c6in.xlarge,4,8,,0.7,2.03,1.4,0.23
aws,c6in.2xlarge,8,16,,1.39,4.031,2.78,0.45
aws,c6in.4xlarge,16,32,,2.78,8.062,5.56,0.91
aws,c6in.8xlarge,32,64,,5.56,16.124,11.12,1.81
aws,c6in.12xlarge,48,96,,8.34,24.186,16.68,2.72
aws,c6in.16xlarge,64,128,,11.13,32.277,22.26,3.63
aws,c6in.24xlarge,96,192,,16.69,48.401,33.38,5.44
aws,c6in.32xlarge,128,256,,22.25,64.525,44.5,7.26
aws,c6g.xlarge,4,8,,0.77,2.233,1.54,0.14
aws,c6g.2xlarge,8,16,,1.54,4.466,3.08,0.27
aws,c6g.4xlarge,16,32,,3.08,8.932,6.16,0.54
aws,c6g.8xlarge,32,64,,6.16,17.864,12.32,1.09
aws,c6g.12xlarge,48,96,,9.24,26.796,18.48,1.63
aws,c6g.16xlarge,64,128,,12.32,35.728,24.64,2.18
aws,c6gd.xlarge,4,8,,0.77,2.233,1.54,0.15
aws,c6gd.2xlarge,8,16,,1.54,4.466,3.08,0.31
aws,c6gd.4xlarge,16,32,,3.08,8.932,6.16,0.61
aws,c6gd.8xlarge,32,64,,6.16,17.864,12.32,1.23
aws,c6gd.12xlarge,48,96,,9.24,26.796,18.48,1.84
aws,c6gd.16xlarge,64,128,,12.32,35.728,24.64,2.46
aws,c7g.xlarge,4,8,,0.9,2.61,1.8,0.15
aws,c7g.2xlarge,8,16,,1.81,5.249,3.62,0.29
aws,c7g.4xlarge,16,32,,3.62,10.498,7.24,0.58
aws,c7g.8xlarge,32,64,,7.24,20.996,14.48,1.16
aws,c7g.12xlarge,48,96,,10.86,31.494,21.72,1.74
aws,c7g.16xlarge,64,128,,14.48,41.992,28.96,2.32
aws,r3.xlarge,4,31,,1,2.9,2,0.5
aws,r3.2xlarge,8,61,,2,5.8,4,1
aws,r3.4xlarge,16,122,,4,11.6,8,1.93
aws,r3.8xlarge,32,244,,8,23.2,16,4.09
aws,r4.xlarge,4,31,,1,2.9,2,0.27
aws,r4.2xlarge,8,61,,2,5.8,4,0.53
aws,r4.4xlarge,16,122,,4,11.6,8,1.06
aws,r4.8xlarge,32,244,,8,23.2,16,2.13
aws,r4.16xlarge,64,488,,16,46.4,32,4.26
aws,r5.large,2,16,,0.45,1.305,0.9,0.13
aws,r5.xlarge,4,32,,0.9,2.61,1.8,0.25
aws,r5.2xlarge,8,64,,1.8,5.22,3.6,1
aws,r5.4xlarge,16,128,,3.6,10.44,7.2,1.01
aws,r5.8xlarge,32,256,,7.2,20.88,14.4,2.02
aws,r5.12xlarge,48,384,,10.8,31.32,21.6,3.02
aws,r5.16xlarge,64,512,,14.4,41.76,28.8,4.03
aws,r5.24xlarge,96,768,,21.6,62.64,43.2,6.05
aws,r5d.large,2,16,,0.45,1.305,0.9,0.14
aws,r5d.xlarge,4,32,,0.9,2.61,1.8,0.29
aws,r5d.2xlarge,8,64,,1.8,5.22,3.6,0.58
aws,r5d.4xlarge,16,128,,3.6,10.44,7.2,1.15
aws,r5d.8xlarge,32,256,,7.2,20.88,14.4,2.3
aws,r5d.12xlarge,48,384,,10.8,31.32,21.6,3.46
aws,r5d.16xlarge,64,512,,14.4,41.76,28.8,4.61
aws,r5d.24xlarge,96,768,,21.6,62.64,43.2,6.91
aws,r5a.large,2,16,,0.41,1.189,0.82,0.11
aws,r5a.xlarge,4,32,,0.81,2.361428571,1.628571429,0.23
aws,r5a.2xlarge,8,64,,1.61,4.681428571,3.228571429,0.45
aws,r5a.4xlarge,16,128,,3.23,9.362857143,6.457142857,0.9
aws,r5a.8xlarge,32,256,,6.46,18.72571429,12.91428571,1.81
aws,r5a.12xlarge,48,384,,9.69,28.08857143,19.37142857,2.71
aws,r5a.16xlarge,64,512,,12.91,37.45142857,25.82857143,3.62
aws,r5a.24xlarge,96,768,,19.37,56.17714286,38.74285714,5.42
aws,r5dn.large,2,16,,0.52,1.5138,1.044,0.17
aws,r5dn.xlarge,4,32,,1.04,3.0276,2.088,0.33
aws,r5dn.2xlarge,8,64,,2.09,6.0552,4.176,0.67
aws,r5dn.4xlarge,16,128,,4.18,12.1104,8.352,1.34
aws,r5dn.8xlarge,32,256,,8.35,24.2208,16.704,2.67
aws,r5dn.12xlarge,48,384,,12.53,36.3312,25.056,4.01
aws,r5dn.16xlarge,64,512,,16.7,48.4416,33.408,5.34
aws,r5dn.24xlarge,96,768,,25.06,72.6624,50.112,8.02
aws,r5dn.metal,96,768,,25.06,72.6624,50.112,8.02
aws,r5n.large,2,16,,0.45,1.305,0.9,0.15
aws,r5n.xlarge,4,32,,0.9,2.61,1.8,0.3
aws,r5n.2xlarge,8,64,,1.8,5.22,3.6,0.6
aws,r5n.4xlarge,16,128,,3.6,10.44,7.2,1.19
aws,r5n.8xlarge,32,256,,7.2,20.88,14.4,2.38
aws,r5n.12xlarge,48,384,,10.8,31.32,21.6,3.58
aws,r5n.16xlarge,64,512,,14.4,41.76,28.8,4.77
aws,r5n.24xlarge,96,768,,21.6,62.64,43.2,7.15
aws,r5n.metal,96,768,,21.6,62.64,43.2,7.15
aws,r6g.large,2,16,,0.5,1.45,1,0.1
aws,r6g.xlarge,4,32,,1,2.9,2,0.2
aws,r6g.2xlarge,8,64,,2,5.8,4,0.4
aws,r6g.4xlarge,16,128,,4,11.6,8,0.81
aws,r6g.8xlarge,32,256,,8,23.2,16,1.61
aws,r6g.12xlarge,48,384,,12,34.8,24,2.42
aws,r6g.16xlarge,64,512,,16,46.4,32,3.23
aws,r6gd.large,2,16,,0.5,1.45,1,0.12
aws,r6gd.xlarge,4,32,,1,2.9,2,0.23
aws,r6gd.2xlarge,8,64,,2,5.8,4,0.46
aws,r6gd.4xlarge,16,128,,4,11.6,8,0.92
aws,r6gd.8xlarge,32,256,,8,23.2,16,1.84
aws,r6gd.12xlarge,48,384,,12,34.8,24,2.76
aws,r6gd.16xlarge,64,512,,16,46.4,32,3.69
aws,r7g.large,2,16,,0.63,1.827,1.26,0.11
aws,r7g.xlarge,4,32,,1.26,3.654,2.52,0.21
aws,r7g.2xlarge,8,64,,2.52,7.308,5.04,0.43
aws,r7g.4xlarge,16,128,,5.04,14.616,10.08,0.86
aws,r7g.8xlarge,32,256,,10.08,29.232,20.16,1.71
aws,r7g.12xlarge,48,384,,15.12,43.848,30.24,2.57
aws,r7g.16xlarge,64,512,,20.16,58.464,40.32,3.43
aws,x2gd.large_(Beta),2,32,,0.52,1.5134375,1.04375,0.23
aws,x2gd.xlarge_(Beta),4,64,,1.04,3.026875,2.0875,0.5
aws,x2gd.2xlarge_(Beta),8,128,,2.09,6.05375,4.175,1
aws,x2gd.4xlarge_(Beta),16,256,,4.18,12.1075,8.35,1.93
aws,x2gd.8xlarge_(Beta),32,512,,8.35,24.215,16.7,4.09
aws,x2gd.12xlarge_(Beta),48,768,,12.53,36.3225,25.05,5.83
aws,x2gd.16xlarge_(Beta),64,1024,,16.7,48.43,33.4,8.16
aws,r6i.large,2,16,,0.51,1.479,1.02,0.13
aws,r6i.xlarge,4,32,,1.02,2.958,2.04,0.25
aws,r6i.2xlarge,8,64,,2.04,5.916,4.08,0.5
aws,r6i.4xlarge,16,128,,4.08,11.832,8.16,1.01
aws,r6i.8xlarge,32,256,,8.16,23.664,16.32,2.02
aws,r6i.12xlarge,48,384,,12.24,35.496,24.48,3.02
aws,r6i.16xlarge,64,512,,16.32,47.328,32.64,4.03
aws,r6i.24xlarge,96,768,,24.48,70.992,48.96,6.05
aws,r6i.32xlarge,128,1024,,32.64,94.656,65.28,8.06
aws,r6id.large,2,16,,0.51,1.479,1.02,0.15
aws,r6id.xlarge,4,32,,1.02,2.958,2.04,0.3
aws,r6id.2xlarge,8,64,,2.04,5.916,4.08,0.6
aws,r6id.4xlarge,16,128,,4.08,11.832,8.16,1.21
aws,r6id.8xlarge,32,256,,8.16,23.664,16.32,2.42
aws,r6id.12xlarge,48,384,,12.24,35.496,24.48,3.63
aws,r6id.16xlarge,64,512,,16.32,47.328,32.64,4.84
aws,r6id.24xlarge,96,768,,24.48,70.992,48.96,7.26
aws,r6id.32xlarge,128,1024,,32.64,94.656,65.28,9.68
aws,r6idn.large,2,16,,0.51,1.479,1.02,0.2
aws,r6idn.xlarge,4,32,,1.02,2.958,2.04,0.39
aws,r6idn.2xlarge,8,64,,2.04,5.916,4.08,0.78
aws,r6idn.4xlarge,16,128,,4.08,11.832,8.16,1.56
aws,r6idn.8xlarge,32,256,,8.16,23.664,16.32,3.13
aws,r6idn.12xlarge,48,384,,12.24,35.496,24.48,4.69
aws,r6idn.16xlarge,64,512,,16.32,47.328,32.64,6.25
aws,r6idn.24xlarge,96,768,,24.48,70.992,48.96,9.38
aws,r6idn.32xlarge,128,1024,,32.64,94.656,65.28,12.5
aws,r6in.large,2,16,,0.51,1.479,1.02,0.17
aws,r6in.xlarge,4,32,,1.02,2.958,2.04,0.35
aws,r6in.2xlarge,8,64,,2.04,5.916,4.08,0.7
aws,r6in.4xlarge,16,128,,4.08,11.832,8.16,1.39
aws,r6in.8xlarge,32,256,,8.16,23.664,16.32,2.79
aws,r6in.12xlarge,48,384,,12.24,35.496,24.48,4.18
aws,r6in.16xlarge,64,512,,16.32,47.328,32.64,5.58
aws,r6in.24xlarge,96,768,,24.48,70.992,48.96,8.37
aws,r6in.32xlarge,128,1024,,32.64,94.656,65.28,11.16
aws,i3.large,2,15,,2.175,2.175,1.5,0.16
aws,i3.xlarge,4,31,,2.9,2.9,2,0.31
aws,i3.2xlarge,8,61,,5.8,5.8,4,0.62
aws,i3.4xlarge,16,122,,11.6,11.6,8,1.25
aws,i3.8xlarge,32,244,,23.2,23.2,16,2.5
aws,i3.16xlarge,64,488,,46.4,46.4,32,4.99
aws,i3en.large,2,16,,2.175,2.175,1.5,0.23
aws,i3en.xlarge,4,32,,4.205,4.205,2.9,0.45
aws,i3en.2xlarge,8,64,,8.41,8.41,5.8,0.9
aws,i3en.3xlarge,12,96,,12.615,12.615,8.7,1.36
aws,i3en.6xlarge,24,192,,25.23,25.23,17.4,2.71
aws,i3en.12xlarge,48,384,,50.46,50.46,34.8,5.42
aws,i3en.24xlarge,96,768,,100.92,100.92,69.6,10.85
aws,i2.xlarge,4,31,,4.35,4.35,3,0.5
aws,i2.2xlarge,8,61,,8.7,8.7,6,1
aws,i2.4xlarge,16,122,,17.4,17.4,12,1.93
aws,i2.8xlarge,32,244,,34.8,34.8,24,4.09
aws,d3.xlarge,4,32,,4.64,4.64,3.2,0.5
aws,d3.2xlarge,8,64,,9.28,9.28,6.4,1
aws,d3.4xlarge,16,128,,18.56,18.56,12.8,2
aws,d3.8xlarge,32,256,,37.12,37.12,25.6,4
aws,d3en.xlarge,4,16,,4.872,4.872,3.36,0.53
aws,d3en.2xlarge,8,32,,9.744,9.744,6.72,1.05
aws,d3en.4xlarge,16,64,,19.488,19.488,13.44,2.1
aws,d3en.6xlarge,24,96,,29.232,29.232,20.16,3.15
aws,d3en.8xlarge,32,128,,38.976,38.976,26.88,4.21
aws,d3en.12xlarge,48,192,,58.464,58.464,40.32,6.31
aws,im4gn.large_(Beta),2,8,,1.750538164,1.750538164,1.207267699,0.23
aws,im4gn.xlarge_(Beta),4,16,,3.501076327,3.501076327,2.414535398,0.5
aws,im4gn.2xlarge_(Beta),8,32,,7.002152655,7.002152655,4.829070796,1
aws,im4gn.4xlarge_(Beta),16,64,,14.00430531,14.00430531,9.658141593,1.93
aws,im4gn.8xlarge_(Beta),32,128,,28.00861062,28.00861062,19.31628319,4.09
aws,im4gn.16xlarge_(Beta),64,256,,56.01722124,56.01722124,38.63256637,8.16
aws,is4gen.large_(Beta),2,12,,2.773125,2.773125,1.9125,0.23
aws,is4gen.xlarge_(Beta),4,24,,5.54625,5.54625,3.825,0.5
aws,is4gen.2xlarge_(Beta),8,48,,11.0925,11.0925,7.65,1
aws,is4gen.4xlarge_(Beta),16,96,,22.185,22.185,15.3,1.93
aws,is4gen.8xlarge_(Beta),32,192,,44.37,44.37,30.6,4.09
aws,i4i.large_(Beta),2,16,,2.001,2.001,1.38,0.23
aws,i4i.xlarge_(Beta),4,32,,4.002,4.002,2.76,0.5
aws,i4i.2xlarge_(Beta),8,64,,7.975,7.975,5.5,1
aws,i4i.4xlarge_(Beta),16,128,,15.95,15.95,11,1.93
aws,i4i.8xlarge_(Beta),32,256,,31.9,31.9,22,4.09
aws,i4i.16xlarge_(Beta),64,512,,63.8,63.8,44,8.16
aws,i4i.32xlarge_(Beta),128,1024,,127.6,127.6,88,16.23
aws,p2.xlarge,4,61,,1.22,3.538,2.44,0.9
aws,p2.8xlarge,32,488,,9.76,28.304,19.52,7.2
aws,p2.16xlarge,64,732,,19.52,56.608,39.04,14.4
aws,p3.2xlarge,8,61,,4.15,12.035,8.3,3.06
aws,p3.8xlarge,32,244,,16.6,48.14,33.2,12.24
aws,p3.16xlarge,64,488,,33.2,96.28,66.4,24.48
aws,p3dn.24xlarge,96,768,,42.33,122.757,84.66,31.21
aws,p4d.24xlarge,96,1152,,44.45,128.91892,88.9096,32.77
aws,g4dn.xlarge,4,16,,0.71,2.059,1.42,0.53
aws,g4dn.2xlarge,8,32,,1.43,4.147,2.86,0.75
aws,g4dn.4xlarge,16,64,,2.85,8.265,5.7,1.2
aws,g4dn.8xlarge,32,128,,5.7,16.53,11.4,2.18
aws,g4dn.12xlarge,48,192,,8.56,24.824,17.12,3.91
aws,g4dn.16xlarge,64,256,,11.41,33.089,22.82,4.35
aws,g5.xlarge,4,16,,1.36,3.954697778,2.727377778,1.01
aws,g5.2xlarge,8,32,,1.64,4.764506667,3.285866667,1.21
aws,g5.4xlarge,16,64,,2.2,6.384124444,4.402844444,1.62
aws,g5.8xlarge,32,128,,3.32,9.62336,6.6368,2.45
aws,g5.16xlarge,64,256,,5.55,16.10183111,11.10471111,4.1
aws,g5.12xlarge,48,192,,7.69,22.29726222,15.37742222,5.67
aws,g5.24xlarge,96,384,,11.04,32.01496889,22.07928889,8.14
aws,g5.48xlarge,192,768,,22.08,64.02993778,44.15857778,16.29
aws,z1d.large,2,16,,0.66,1.914,1.32,0.19
aws,z1d.xlarge,4,32,,1.33,3.857,2.66,0.37
aws,z1d.2xlarge,8,64,,2.66,7.714,5.32,0.74
aws,z1d.3xlarge,12,96,,3.99,11.571,7.98,1.12
aws,z1d.6xlarge,24,192,,7.97,23.113,15.94,2.23
aws,z1d.12xlarge,48,384,,15.94,46.226,31.88,4.46
azure,DS1_v2,1,4,,0.2,0.5,0.4,0.07
azure,DS2_v2,2,7,,0.4,1,0.8,0.15
azure,DS3_v2,4,14,,0.75,1.875,1.5,0.29
azure,DS4_v2,8,28,,1.5,3.75,3,0.59
azure,DS5_v2,16,56,,3,7.5,6,1.17
azure,D3_v2,4,14,,0.75,1.875,1.5,0.29
azure,D4_v2,8,28,,1.5,3.75,3,0.59
azure,D5_v2,16,56,,3,7.5,6,1.17
azure,D8s_v3,8,32,,1.5,3.75,3,0.38
azure,D16s_v3,16,64,,3,7.5,6,0.77
azure,D32s_v3,32,128,,6,15,12,1.54
azure,D64s_v3,64,256,,12,30,24,3.07
azure,D4s_v5,4,16,,1,2.5,2,0.19
azure,D8s_v5,8,32,,2,5,4,0.38
azure,D16s_v5,16,64,,4,10,8,0.77
azure,D32s_v5,32,128,,8,20,16,1.54
azure,D48s_v5,48,192,,12,30,24,2.3
azure,D64s_v5,64,256,,16,40,32,3.07
azure,D96s_v5,96,384,,24,60,48,4.61
azure,D4as_v5,4,16,,1,2.5,2,0.17
azure,D8as_v5,8,32,,2,5,4,0.34
azure,D16as_v5,16,64,,4,10,8,0.69
azure,D32as_v5,32,128,,8,20,16,1.38
azure,D48as_v5,48,192,,12,30,24,2.06
azure,D64as_v5,64,256,,16,40,32,2.75
azure,D96as_v5,96,384,,24,60,48,4.13
azure,D4d_v4,4,16,,0.75,1.875,1.5,0.23
azure,D8d_v4,8,32,,1.5,3.75,3,0.45
azure,D16d_v4,16,64,,3,7.5,6,0.9
azure,D32d_v4,32,128,,6,15,12,1.81
azure,D48d_v4,48,192,,9,22.5,18,2.71
azure,D64d_v4,64,256,,12,30,24,3.62
azure,D4ds_v4,4,16,,0.75,1.875,1.5,0.23
azure,D8ds_v4,8,32,,1.5,3.75,3,0.45
azure,D16ds_v4,16,64,,3,7.5,6,0.9
azure,D32ds_v4,32,128,,6,15,12,1.81
azure,D48ds_v4,48,192,,9,22.5,18,2.71
azure,D64ds_v4,64,256,,12,30,24,3.62
azure,D4ds_v5,4,16,,1,2.5,2,0.23
azure,D8ds_v5,8,32,,2,5,4,0.45
azure,D16ds_v5,16,64,,4,10,8,0.9
azure,D32ds_v5,32,128,,8,20,16,1.81
azure,D48ds_v5,48,192,,12,30,24,2.71
azure,D64ds_v5,64,256,,16,40,32,3.62
azure,D96ds_v5,96,384,,24,60,48,5.42
azure,D4ads_v5,4,16,,1,2.5,2,0.21
azure,D8ads_v5,8,32,,2,5,4,0.41
azure,D16ads_v5,16,64,,4,10,8,0.82
azure,D32ads_v5,32,128,,8,20,16,1.65
azure,D48ads_v5,48,192,,12,30,24,2.47
azure,D64ads_v5,64,256,,16,40,32,3.3
azure,D96ads_v5,96,384,,24,60,48,4.94
azure,D8as_v4,8,32,,1.5,3.75,3,0.38
azure,D16as_v4,16,64,,3,7.5,6,0.77
azure,D32as_v4,32,128,,6,15,12,1.54
azure,D48as_v4,48,192,,9,22.5,18,2.3
azure,D64as_v4,64,256,,12,30,24,3.07
azure,D96as_v4,96,384,,18,45,36,4.61
azure,D4a_v4,4,16,,0.75,1.875,1.5,0.19
azure,D8a_v4,8,32,,1.5,3.75,3,0.38
azure,D16a_v4,16,64,,3,7.5,6,0.77
azure,D32a_v4,32,128,,6,15,12,1.54
azure,D48a_v4,48,192,,9,22.5,18,2.3
azure,D64a_v4,64,256,,12,30,24,3.07
azure,D96a_v4,96,384,,18,45,36,4.61
azure,D8_v3,8,32,,1.5,3.75,3,0.38
azure,D16_v3,16,64,,3,7.5,6,0.77
azure,D32_v3,32,128,,6,15,12,1.54
azure,D64_v3,64,256,,12,30,24,3.07
azure,F4,4,8,,0.5,1.25,1,0.2
azure,F8,8,16,,1,2.5,2,0.4
azure,F16,16,32,,2,5,4,0.8
azure,F4s,4,8,,0.5,1.25,1,0.2
azure,F8s,8,16,,1,2.5,2,0.4
azure,F16s,16,32,,2,5,4,0.8
azure,H16,16,112,,4,10,8,1.81
azure,F4s_v2,4,8,,0.75,1.875,1.5,0.17
azure,F8s_v2,8,16,,1.5,3.75,3,0.34
azure,F16s_v2,16,32,,3,7.5,6,0.68
azure,F32s_v2,32,64,,6,15,12,1.35
azure,F64s_v2,64,128,,12,30,24,2.71
azure,F72s_v2,72,144,,13.5,33.75,27,3.05
azure,DS12_v2,4,28,,1,2.5,2,0.32
azure,DS13_v2,8,56,,2,5,4,0.64
azure,DS14_v2,16,112,,4,10,8,1.28
azure,DS15_v2,20,140,,5,12.5,10,1.6
azure,D12_v2,4,28,,1,2.5,2,0.32
azure,D13_v2,8,56,,2,5,4,0.64
azure,D14_v2,16,112,,4,10,8,1.28
azure,D15_v2,20,140,,5,12.5,10,1.6
azure,E8s_v3,8,64,,2,5,4,0.44
azure,E16s_v3,16,128,,4,10,8,0.87
azure,E32s_v3,32,256,,8,20,16,1.75
azure,E64s_v3,64,432,,16,40,32,3.14
azure,E4s_v4,4,32,,1,2.5,2,0.17
azure,E8s_v4,8,64,,2,5,4,0.34
azure,E16s_v4,16,128,,4,10,8,0.68
azure,E20s_v4,20,160,,5,12.5,10,0.85
azure,E32s_v4,32,256,,8,20,16,1.36
azure,E48s_v4,48,384,,12,30,24,2.04
azure,E64s_v4,64,504,,16,40,32,2.73
azure,E80is_v4,80,504,,20,50,40,
azure,E4s_v5,4,32,,1.5,3.75,3,0.17
azure,E8s_v5,8,64,,2.75,6.875,5.5,0.34
azure,E16s_v5,16,128,,5.5,13.75,11,0.68
azure,E20s_v5,20,160,,7,17.5,14,0.85
azure,E32s_v5,32,256,,11,27.5,22,1.36
azure,E48s_v5,48,384,,16.5,41.25,33,2.04
azure,E64s_v5,64,512,,22,55,44,2.73
azure,E96s_v5,96,672,,33,82.5,66,4.09
azure,E4as_v5,4,32,,1.5,3.75,3,0.15
azure,E8as_v5,8,64,,2.75,6.875,5.5,0.31
azure,E16as_v5,16,128,,5.5,13.75,11,0.61
azure,E20as_v5,20,160,,7,17.5,14,0.77
azure,E32as_v5,32,256,,11,27.5,22,1.23
azure,E48as_v5,48,384,,16.5,41.25,33,1.84
azure,E64as_v5,64,512,,22,55,44,2.45
azure,E96as_v5,96,672,,33,82.5,66,3.68
azure,E2_v3,2,16,,0.5,1.25,1,0.11
azure,E4_v3,4,32,,1,2.5,2,0.22
azure,E8_v3,8,64,,2,5,4,0.44
azure,E16_v3,16,128,,4,10,8,0.87
azure,E32_v3,32,256,,8,20,16,1.75
azure,E64_v3,64,432,,16,40,32,3.14
azure,E4as_v4,4,32,,1,2.5,2,0.17
azure,E8as_v4,8,64,,2,5,4,0.34
azure,E16as_v4,16,128,,4,10,8,0.68
azure,E20as_v4,20,160,,5,12.5,10,0.85
azure,E32as_v4,32,256,,8,20,16,1.36
azure,E48as_v4,48,384,,12,30,24,2.04
azure,E64as_v4,64,432,,16,40,32,2.73
azure,E96as_v4,96,672,,24,60,48,4.09
azure,E4d_v4,4,32,,1,2.5,2,0.2
azure,E8d_v4,8,64,,2,5,4,0.39
azure,E16d_v4,16,128,,4,10,8,0.78
azure,E20d_v4,20,160,,5,12.5,10,0.98
azure,E32d_v4,32,256,,8,20,16,1.56
azure,E48d_v4,48,384,,12,30,24,2.34
azure,E64d_v4,64,504,,16,40,32,3.12
azure,E4a_v4,4,32,,1,2.5,2,0.17
azure,E8a_v4,8,64,,2,5,4,0.34
azure,E16a_v4,16,128,,4,10,8,0.68
azure,E20a_v4,20,160,,5,12.5,10,0.85
azure,E32a_v4,32,256,,8,20,16,1.36
azure,E48a_v4,48,384,,12,30,24,2.04
azure,E64a_v4,64,512,,16,40,32,2.73
azure,E96a_v4,96,672,,24,60,48,4.09
azure,E4ds_v4,4,32,,1,2.5,2,0.2
azure,E8ds_v4,8,64,,2,5,4,0.58
azure,E16ds_v4,16,128,,4,10,8,0.78
azure,E20ds_v4,20,160,,5,12.5,10,0.98
azure,E32ds_v4,32,256,,8,20,16,2.3
azure,E48ds_v4,48,384,,12,30,24,2.34
azure,E64ds_v4,64,504,,16,40,32,3.12
azure,E80ds_v4,80,504,,20,50,40,
azure,E4ds_v5,4,32,,1.5,3.75,3,0.2
azure,E8ds_v5,8,64,,2.75,6.875,5.5,0.39
azure,E16ds_v5,16,128,,5.5,13.75,11,0.78
azure,E20ds_v5,20,160,,7,17.5,14,0.98
azure,E32ds_v5,32,256,,11,27.5,22,1.56
azure,E48ds_v5,48,384,,16.5,41.25,33,2.34
azure,E64ds_v5,64,512,,22,55,44,3.12
azure,E96ds_v5,96,672,,33,82.5,66,4.68
azure,E4ads_v5,4,32,,1.5,3.75,3,0.18
azure,E8ads_v5,8,64,,2.75,6.875,5.5,0.36
azure,E16ads_v5,16,128,,5.5,13.75,11,0.71
azure,E20ads_v5,20,160,,7,17.5,14,0.89
azure,E32ads_v5,32,256,,11,27.5,22,1.42
azure,E48ads_v5,48,384,,16.5,41.25,33,2.14
azure,E64ads_v5,64,512,,22,55,44,2.85
azure,E96ads_v5,96,672,,33,82.5,66,4.27
azure,L4s,4,32,,1,2.5,2,0.34
azure,L8s,8,64,,2,5,4,0.69
azure,L16s,16,128,,4,10,8,1.38
azure,L32s,32,256,,8,20,16,2.75
azure,L8s_v2,8,64,,2,5,4,0.62
azure,L16s_v2,16,128,,4,10,8,1.25
azure,L32s_v2,32,256,,8,20,16,2.5
azure,L64s_v2,64,512,,16,40,32,4.99
azure,L80s_v2,80,640,,20,50,40,6.24
azure,L8s_v3,8,64,,2.75,6.875,5.5,0.7
azure,L16s_v3,16,128,,5.5,13.75,11,1.39
azure,L32s_v3,32,256,,11,27.5,22,2.78
azure,L48s_v3,48,384,,16.5,41.25,33,4.18
azure,L64s_v3,64,512,,22,55,44,5.57
azure,L80s_v3,80,640,,27.5,68.75,55,6.96
azure,L8as_v3,8,64,,2.75,6.875,5.5,0.69
azure,L16as_v3,16,128,,5.5,13.75,11,1.38
azure,L32as_v3,32,256,,11,27.5,22,2.75
azure,L48as_v3,48,384,,16.5,41.25,33,4.22
azure,L64as_v3,64,512,,22,55,44,5.5
azure,L80as_v3,80,640,,27.5,68.75,55,6.88
azure,H8,8,56,,2.5,6.25,5,0.9
azure,H16,16,112,,5,12.5,10,1.81
azure,NC12,12,112,,3,7.5,6,1.8
azure,NC24,24,224,,6,15,12,3.6
azure,NC6 v3,6,112,,5,12.5,10,
azure,NC12 v3,12,224,,10,25,20,
azure,NC24 v3,24,448,,20,50,40,
azure,NC4as_T4_v3,4,28,,1,2.5,2,
azure,NC8as_T4_v3,8,56,,1.5,3.75,3,
azure,NC16as_T4_v3,16,110,,2.5,6.25,5,
azure,NC64as_T4_v3,64,440,,10,25,20,
azure,ND96asr_v4,96,900,,44,110,88,
azure,NV36ads_A10_v5,36,440,,4,10,8,
azure,NV36adms_A10_v5,36,880,,6,15,12,
azure,NV72ads_A10_v5,72,880,,12,30,24,
azure,NC24ads_A100_v4,24,220,,10,25,20,
azure,NC48ads_A100_v4,48,440,,20,50,40,
azure,NC96ads_A100_v4,96,880,,44,110,88,